feature,purpose,location,permissions,verification_status,guide_section,evidence,limitations
Sign in / logout,Authenticate and end a session,/signin; LOGOUT,Active account,Tested,2 / W01,01-signin,Synthetic administrator and standard user only.
Required password rotation,Replace a temporary password,/change-password,Account requiring rotation,Tested,2 / W02,02-password,
Role-scoped navigation and cameras,Restrict access to assigned sources,Navigation; /dashboard; /admin/unknown,Role and pipeline assignment,Tested,2; W16,08-operator; 09-access-denied,Standard user verified; not an exhaustive authorization audit.
Observer and Analyzer roles,Choose additional assignable roles,Users role selector,Administrator,"Observed, untested completion",2; W16,06-user-form,Options observed; their complete privilege boundaries were not exercised.
Administrator assignment,Assign a full-access administrator,Users role selector,Administrator,Inaccessible or unavailable in this run,2; W16,06-user-form,Administrator option shown as not assignable here.
Protected system account,Attribute automated actions,/admin/users,Administrator,"Observed, untested completion",2; W16,07-user-saved,Non-login protected principal; not a normal human account.
Home overview / camera selector,Read overview and source summaries,/home,Administrator,Tested,3 / W04,56-home; 56b-home-camera,
Shared navigation / open menus,Find feature workspaces,Header menus,Role-dependent,Tested,3 / W03,57-navigation,
Live detection cards,Review recent snapshots and timing,/dashboard,Active account with permitted pipelines,Tested,5 / W05,71-live-feeds; 09-access-denied,Stored synthetic observations; no real-time camera ingest measured.
Recent detections drawer,Inspect recent records,/dashboard,Active account with permitted pipelines,Tested,5 / W05,72-recent-detections,
WebSocket updates,Receive new application events,CONNECTED badges,Authenticated session,"Observed, untested completion",5 / W05,71-live-feeds,Connection observed; new camera detection delivery was not tested.
Alert sound / browser notifications,Notify an operator,Dashboard; Live Alerts; Background Tasks,Browser permission and permitted events,"Observed, untested completion","5 / W05, W14",40-alert-saved,Audio permission and delivery not exercised.
Unknown identity filters,Find records by camera/count/date,/admin/unknown,Administrator or assigned-pipeline user,Tested,5 / W06,12-unknown-filter,Camera/count flow tested; every date/SHOW ALL combination was not tested.
Unknown identity detail,Inspect appearance evidence,VIEW & ALERT,Permission to view identity,Tested,5 / W06,13-unknown-open; 14-journey,
Journey overview / camera lanes,Review recorded movement,Identity detail / profile,Permission to view identity,Tested,5 / W07,48-journey-overview; 49-journey-lanes,"Observation order, not measured continuous movement."
Linked photo viewer,Navigate appearance images,Identity movement timeline,Permission to view identity,Tested,5 / W07,50-photo-viewer,Synthetic placeholder photos.
Review sequence animation,Advance still sightings automatically,Movement explorer,Permission to view identity,"Observed, untested completion",5 / W07,49-journey-lanes,"Control observed; still-image review, not video playback."
Known directory search / profile,Find registered records,/admin/known,Administrator,Tested,5 / W08,15-known-directory; 36-full-profile,
Rename known person,Save a display name,Manage person → Save name,Administrator,Tested,5 / W08,16-known-profile; 36-full-profile,
Enrollment / Add photo,Create or extend an enrollment,Known faces → Add person / Manage person,Administrator,"Observed, untested completion",5 / W09E,65-enrollment,No approved face photograph used; successful enrollment not verified.
Deactivate / delete known person,Manage person lifecycle,Manage person,Administrator,"Observed, untested completion",5 / W09,16-known-profile,No records deactivated or permanently deleted.
Promotion review,Review an unknown-to-known change,Unknown detail → PROMOTE TO KNOWN,Administrator,"Observed, untested completion",5 / W09,66-review-actions; 67-promote-review,Final promotion not submitted.
Manual / bulk identity merge,Consolidate confirmed duplicates,Unknown detail / MULTI-SELECT,Administrator,"Observed, untested completion",5 / W09,66-review-actions; P04-unknown,No merge executed; preview/survivor confirmation not certified.
Merge suggestions and feedback,Review proposed duplicate pairs,MERGE SUGGESTIONS,Administrator,"Observed, untested completion",5 / W09; W29,P04-unknown,Approval/rejection changes evidence; neither submitted.
Image quality check,Validate a reference image,/admin/search,Administrator,Tested,5 / W10,42-search-quality,Negative test: synthetic avatar produced no-face error.
Image search and history creation,Search identities from a reference,/admin/search,Administrator,Tested,5 / W10,41b-search-settings; 51-search-history,Zero-face/zero-result run only; positive matching unverified.
Batch / quick / photo-picker search,Use alternate search entry points,Search Batch Mode; QUICK SEARCH; picker photo button,Feature-specific access,"Observed, untested completion",5 / W10; gaps,P05-search; P04-unknown; 21-picker,Positive searches and batch completion not exercised.
Search scope / exclusions / date-location filters,Narrow candidate matching,Advanced search preferences,Administrator,"Observed, untested completion",5 / W10,41b-search-settings,Controls observed; filter matrix not comprehensively exercised.
Search history filters,Review prior runs,/admin/search-history,Administrator,Tested,5 / W11,51-search-history,
CSV history export,Download authorized history,Search History → EXPORT,Administrator and data-export authority,Tested,5 / W11,52-history-export,Two synthetic rows and nine columns verified in download.
Result export / reports,Export matching-result evidence,Search results; assistant artifacts,Feature-specific access,Inaccessible or unavailable in this run,5 / W10; gaps,P05-search; 58-assistant,No positive matches or available language model; result PDF/JSON and generated reports not verified.
Watchlist creation,Create a monitoring list,/admin/watchlists,Administrator,Tested,5 / W12,10-watchlist-form; 11-watchlist-saved,
Watchlist membership / detail,Save and inspect membership,Profile ADD TO WATCHLIST; list View,Administrator,Tested,5 / W13,37-membership; 61-watchlist-members,Profile chip showed Untitled watchlist; list member view verified the save.
Watchlist pause / restore / expiry / removal,Manage monitoring lifecycle,Watchlist cards and detail,Administrator,"Observed, untested completion",5 / W12–W13; gaps,61-watchlist-members,No list/member deletion or restoration was performed.
Live alert creation / health / pause,Manage a saved person rule,Profile → CREATE LIVE ALERT; /admin/live-alerts,Administrator in this run,Tested,5 / W14,39-alert-form; 63-alert-health; 64-alert-paused,Snapshot readiness problem in fixture; no notification sent.
Trigger history and acknowledgements,Review and acknowledge alerts,Live Alerts → Triggers,Permitted alert owner/scope,"Observed, untested completion",5 / W14; gaps,40-alert-saved,"No trigger generated, so acknowledgement completion not verified."
Email/SMS/Test delivery,Send notifications,Alert Health / Test,Configured channels and authorized operator,Inaccessible or unavailable in this run,5 / W14; gaps,63-alert-health,Email/SMS not configured; Test deliberately not clicked.
Pipeline status / location editing,Maintain camera metadata,/admin/pipelines,Administrator,Tested,6 / W15,03-camera-list; 04b-camera-saved,
Pipeline rename / alias,Change pipeline identifier,Pipeline Management → Rename,Administrator,"Observed, untested completion",6 / W15,03-camera-list,Identifier change not executed.
User creation / pipeline assignment,Provision scoped access,/admin/users,Administrator,Tested,6 / W16,05-users; 06-user-form; 07-user-saved,
User reset / block / delete,Manage account lifecycle,User rows; Blocked users,Administrator,"Observed, untested completion",6 / W16; gaps,07-user-saved,"Reset, unblock, disable and delete were not exercised."
Sender credential issuance,Create a scoped sender secret,/admin/ingest-credentials,Administrator,Tested,6 / W17,43-credential-issue; 44-credential-once; 45-credential-saved,Secret permanently redacted; sender use and revocation untested.
Settings search / save / history,Manage allowed runtime values,/admin/settings,Administrator,Tested,6 / W18,33-settings-search; 35-settings-saved,One retention value tested; not every setting or restart-dependent consumer.
Retention status / dry run,Preview cleanup eligibility,Settings / Background Tasks,Administrator,Tested,6 / W19,31-retention; 62-retention-complete,Dry-run completion verified; no manual destructive cleanup.
Retention Run now,Perform eligible cleanup,Run Retention Now,Administrator,"Observed, untested completion",6 / W19; gaps,31-retention,Not executed.
Background job monitor,Inspect status and history,/admin/background-tasks,Administrator,Tested,6 / W19,62-retention-complete,Dry-run completed; monitoring does not prove unrelated jobs succeeded.
Chatbot audit log,Inspect stored query/response activity,/admin/audit,Administrator,Tested,6 / W20,46-audit,Zero query rows; this page is not an all-actions security audit.
Application log filters,Narrow available log records,/admin/logs,Administrator,Tested,6 / W20L,47-logs,ERROR filter returned no records in the scanned scope.
Intelligence related/temporal/cross-camera analysis,Investigate an identity,/admin/intelligence,Administrator,"Observed, untested completion",6; gaps,P16-intelligence,Workspace observed; tab/selector walkthrough not completed. Profile journey verified separately.
Social network analysis,Compute coappearance graph,Security Intelligence → Social Network,Administrator,Tested,6 / W21,17-security-network; 18-network-result,
Suspicious patterns,Review derived pattern cards,Security Intelligence → Suspicious Patterns,Administrator,Tested,6 / W22,19-pattern-input; 20-pattern-result,Result generation verified; patterns are synthetic.
Behavioral anomalies,Compare against an earlier baseline,Security Intelligence → Anomalies,Administrator,Tested,6 / W23,22-anomaly-result,Insufficient-baseline behavior verified; positive anomaly validation untested.
Threat assessment / persisted provenance,Read rules and risk factors,Security Intelligence → Threat Assessment,Administrator,Tested,6 / W24,24-threat-result,"Heuristic, not calibrated probability. Manual outcome labels not submitted."
Saved threshold review / feature status,Check evidence and dependencies,Advanced Features,Administrator,Tested,6 / W25,25-advanced; 26-feature-status,No threshold activation or learning.
Threshold learning / activation,Create and approve learned thresholds,Advanced Features,Administrator and healthy worker,Inaccessible or unavailable in this run,6 / W25; gaps,26-feature-status,Worker unavailable in the isolated instance.
Trajectory / activity correlation,Estimate next-camera associations,Advanced Features,Administrator and sufficient evidence,"Observed, untested completion",6 / W25,26-feature-status,Status available; computation and calibration not verified.
Offline maps / spatial layers,Display camera-linked spatial evidence,Map View and location picker,Administrator and verified map assets,Inaccessible or unavailable in this run,6 / W26,28-map-unavailable,No map service/assets in the isolated instance; not a finding about production map availability.
Security-zone geometry,Define spatial security zones,Feature Availability,Administrator,Inaccessible or unavailable in this run,6 / W25; gaps,26-feature-status,Runtime reported no stored zone geometry; camera points are not zones.
ML service lifecycle,"Train, review, connect, monitor a model",/admin/ml-ops,Administrator and healthy ML worker,"Observed, untested completion",6 / W27,29-ml-service,Five services shown; training disabled in this run.
ML dataset inspection / notebook,Preview actual source/training evidence,Inspect data & notebook; Advanced tools,Administrator,Inaccessible or unavailable in this run,6 / W28,54-data-preview,No camera population or preview output in advanced inspector; notebook download/execution not verified.
"ML tuning, metrics, drift, deployment audit",Evaluate and operate candidates,Advanced ML tools,Administrator and prerequisites,"Observed, untested completion",6 / W27; gaps,P19-ml-ops,"No trained candidate, live connection or drift measurement produced."
Merge-feedback similarity model,Train a similarity model from reviewed pairs,/admin/ml-model,Administrator,Tested,6 / W29,70-similarity-readiness,Readiness display verified; no training or activation.
Assistant UI / help,Ask about workspace evidence,/tracking-people,Chatbot access,"Observed, untested completion",6 / W30,58-assistant; 59-assistant-help,Assistant degraded; no model answer validated.
Assistant conversations / generated artifacts,Manage chat history and outputs,Assistant workspace,Chatbot access,Inaccessible or unavailable in this run,6 / W30; gaps,58-assistant,No available language model in isolated run.
Tutorial topics,Read build-provided help,/admin/tutorial,Administrator,Tested,6 / W31,60-tutorial,Some Further reading links refer to legacy filenames.
Storage configuration / backup and restore,Persist and recover application data,Deployment configuration; Settings storage/retention,System administrator,"Observed, untested completion",6 operational notes; gaps,P15-settings,No restore drill or storage migration performed; installation guide is a separate deliverable.
Recorded video playback / video archive,Review video recordings,No dedicated VAS workflow observed,Not established,Inaccessible or unavailable in this run,8 exclusions,Navigation and repository review,Sighting/photo history is available; continuous recording/playback belongs to separate source systems if configured.
Vehicle / license-plate analytics,Vehicle or plate recognition,No VAS interface observed,Not established,Inaccessible or unavailable in this run,8 exclusions,Navigation and repository review,No user workflow invented; upstream VMS is separate.
Dedicated multi-site management,Manage site hierarchies,No site-administration workflow observed,Not established,Inaccessible or unavailable in this run,8 exclusions,Camera location UI,Camera locations are present; multi-site orchestration was not established.
LAF-AI SSO / external integrations,Open a separate connected application,MANAGEMENT menu,Integration configuration,"Observed, untested completion",3; gaps,57-navigation,No external launch or cross-application workflow exercised.
API explorer,Browse generated API documentation,/docs link,Deployment configuration,Inaccessible or unavailable in this run,8 exclusions,Test ENABLE_API_DOCS=false,Explorer intentionally disabled in test settings; no API guide inferred from a visible link.
